<?xml version="1.0" encoding="UTF-8"?>

<beans  
    xmlns="http://www.springframework.org/schema/beans"  
    xmlns:xsi="http://www.w3.org/2001/XMLSchema-instance"  
    xmlns:p="http://www.springframework.org/schema/p"  
    xsi:schemaLocation="http://www.springframework.org/schema/beans  
               http://www.springframework.org/schema/beans/spring-beans-3.0.xsd">  
               
               
               
 <bean id="a" class="ConstructorTest.Address">  
<constructor-arg value="Bhopal" ></constructor-arg>
<constructor-arg value="manakpur"></constructor-arg>
</bean>  
  
<bean id="employee" class="ConstructorTest.Employee">  
<constructor-arg value="10" type="int"></constructor-arg>
<constructor-arg value="sonam"></constructor-arg>
<constructor-arg >
<ref bean="a" />
</constructor-arg>
</bean>  
  
</beans>  